[{"model": "contenttypes.contenttype", "pk": 1, "fields": {"app_label": "admin", "model": "logentry"}}, {"model": "contenttypes.contenttype", "pk": 2, "fields": {"app_label": "auth", "model": "permission"}}, {"model": "contenttypes.contenttype", "pk": 3, "fields": {"app_label": "auth", "model": "group"}}, {"model": "contenttypes.contenttype", "pk": 4, "fields": {"app_label": "auth", "model": "user"}}, {"model": "contenttypes.contenttype", "pk": 5, "fields": {"app_label": "contenttypes", "model": "contenttype"}}, {"model": "contenttypes.contenttype", "pk": 6, "fields": {"app_label": "sessions", "model": "session"}}, {"model": "contenttypes.contenttype", "pk": 7, "fields": {"app_label": "blog", "model": "blogtype"}}, {"model": "contenttypes.contenttype", "pk": 8, "fields": {"app_label": "blog", "model": "blog"}}, {"model": "contenttypes.contenttype", "pk": 9, "fields": {"app_label": "blog", "model": "readnum"}}, {"model": "contenttypes.contenttype", "pk": 10, "fields": {"app_label": "read_statistics", "model": "readnum"}}, {"model": "contenttypes.contenttype", "pk": 11, "fields": {"app_label": "read_statistics", "model": "readdetail"}}, {"model": "contenttypes.contenttype", "pk": 12, "fields": {"app_label": "comment", "model": "comment"}}, {"model": "contenttypes.contenttype", "pk": 13, "fields": {"app_label": "user", "model": "profile"}}, {"model": "sessions.session", "pk": "2w0al2r9us3qctvu9g5tv7ljqodq7my7", "fields": {"session_data": "NDk5YjM5YzkxMzc5ZGUxOTg4NmFiZTBlZTcwNjlmYTMyNTE2M2ViYTp7Il9hdXRoX3VzZXJfaWQiOiIxIiwiX2F1dGhfdXNlcl9iYWNrZW5kIjoiZGphbmdvLmNvbnRyaWIuYXV0aC5iYWNrZW5kcy5Nb2RlbEJhY2tlbmQiLCJfYXV0aF91c2VyX2hhc2giOiJkZjJkODA4OTI3ODc1ZTU3MGVlZmU4Y2MxZWY1MDdjM2ZiMTkwOWZhIn0=", "expire_date": "2021-05-11T04:04:19.426"}}, {"model": "sessions.session", "pk": "aj1uixfa98iezwtllbiykvdz06obrxox", "fields": {"session_data": "NDk5YjM5YzkxMzc5ZGUxOTg4NmFiZTBlZTcwNjlmYTMyNTE2M2ViYTp7Il9hdXRoX3VzZXJfaWQiOiIxIiwiX2F1dGhfdXNlcl9iYWNrZW5kIjoiZGphbmdvLmNvbnRyaWIuYXV0aC5iYWNrZW5kcy5Nb2RlbEJhY2tlbmQiLCJfYXV0aF91c2VyX2hhc2giOiJkZjJkODA4OTI3ODc1ZTU3MGVlZmU4Y2MxZWY1MDdjM2ZiMTkwOWZhIn0=", "expire_date": "2021-05-18T05:07:42.848"}}, {"model": "sessions.session", "pk": "f6cgxzx8na759vqj54452zw6hrpv7tbx", "fields": {"session_data": "NDk5YjM5YzkxMzc5ZGUxOTg4NmFiZTBlZTcwNjlmYTMyNTE2M2ViYTp7Il9hdXRoX3VzZXJfaWQiOiIxIiwiX2F1dGhfdXNlcl9iYWNrZW5kIjoiZGphbmdvLmNvbnRyaWIuYXV0aC5iYWNrZW5kcy5Nb2RlbEJhY2tlbmQiLCJfYXV0aF91c2VyX2hhc2giOiJkZjJkODA4OTI3ODc1ZTU3MGVlZmU4Y2MxZWY1MDdjM2ZiMTkwOWZhIn0=", "expire_date": "2021-05-20T12:36:11.262"}}, {"model": "sessions.session", "pk": "gg6ko46cxvb3eouzc05yvtp901eqjcu7", "fields": {"session_data": "NDk5YjM5YzkxMzc5ZGUxOTg4NmFiZTBlZTcwNjlmYTMyNTE2M2ViYTp7Il9hdXRoX3VzZXJfaWQiOiIxIiwiX2F1dGhfdXNlcl9iYWNrZW5kIjoiZGphbmdvLmNvbnRyaWIuYXV0aC5iYWNrZW5kcy5Nb2RlbEJhY2tlbmQiLCJfYXV0aF91c2VyX2hhc2giOiJkZjJkODA4OTI3ODc1ZTU3MGVlZmU4Y2MxZWY1MDdjM2ZiMTkwOWZhIn0=", "expire_date": "2021-05-27T16:12:29.245"}}, {"model": "sessions.session", "pk": "ij1llh0875c4njs9z9xm27awk496ex7a", "fields": {"session_data": "NDk5YjM5YzkxMzc5ZGUxOTg4NmFiZTBlZTcwNjlmYTMyNTE2M2ViYTp7Il9hdXRoX3VzZXJfaWQiOiIxIiwiX2F1dGhfdXNlcl9iYWNrZW5kIjoiZGphbmdvLmNvbnRyaWIuYXV0aC5iYWNrZW5kcy5Nb2RlbEJhY2tlbmQiLCJfYXV0aF91c2VyX2hhc2giOiJkZjJkODA4OTI3ODc1ZTU3MGVlZmU4Y2MxZWY1MDdjM2ZiMTkwOWZhIn0=", "expire_date": "2021-05-25T15:55:02.937"}}, {"model": "sessions.session", "pk": "itee0c843o2tbiq1przjovp4vb6lkpok", "fields": {"session_data": "NDk5YjM5YzkxMzc5ZGUxOTg4NmFiZTBlZTcwNjlmYTMyNTE2M2ViYTp7Il9hdXRoX3VzZXJfaWQiOiIxIiwiX2F1dGhfdXNlcl9iYWNrZW5kIjoiZGphbmdvLmNvbnRyaWIuYXV0aC5iYWNrZW5kcy5Nb2RlbEJhY2tlbmQiLCJfYXV0aF91c2VyX2hhc2giOiJkZjJkODA4OTI3ODc1ZTU3MGVlZmU4Y2MxZWY1MDdjM2ZiMTkwOWZhIn0=", "expire_date": "2021-05-24T15:43:07.778"}}, {"model": "blog.blogtype", "pk": 1, "fields": {"type_name": "Django"}}, {"model": "blog.blogtype", "pk": 2, "fields": {"type_name": "\u968f\u7b14"}}, {"model": "blog.blogtype", "pk": 3, "fields": {"type_name": "\u611f\u609f"}}, {"model": "read_statistics.readnum", "pk": 1, "fields": {"read_num": 16, "content_type": 8, "object_id": 38}}, {"model": "read_statistics.readnum", "pk": 2, "fields": {"read_num": 6, "content_type": 8, "object_id": 37}}, {"model": "read_statistics.readnum", "pk": 3, "fields": {"read_num": 2, "content_type": 8, "object_id": 36}}, {"model": "read_statistics.readnum", "pk": 4, "fields": {"read_num": 3, "content_type": 8, "object_id": 33}}, {"model": "read_statistics.readnum", "pk": 5, "fields": {"read_num": 4, "content_type": 8, "object_id": 35}}, {"model": "read_statistics.readnum", "pk": 6, "fields": {"read_num": 2, "content_type": 8, "object_id": 32}}, {"model": "read_statistics.readnum", "pk": 7, "fields": {"read_num": 1, "content_type": 8, "object_id": 29}}, {"model": "read_statistics.readnum", "pk": 8, "fields": {"read_num": 2, "content_type": 8, "object_id": 30}}, {"model": "read_statistics.readnum", "pk": 9, "fields": {"read_num": 2, "content_type": 8, "object_id": 3}}, {"model": "read_statistics.readnum", "pk": 10, "fields": {"read_num": 2, "content_type": 8, "object_id": 34}}, {"model": "read_statistics.readdetail", "pk": 1, "fields": {"date": "2021-05-03", "read_num": 4, "content_type": 8, "object_id": 38}}, {"model": "read_statistics.readdetail", "pk": 3, "fields": {"date": "2021-05-04", "read_num": 1, "content_type": 8, "object_id": 3}}, {"model": "read_statistics.readdetail", "pk": 4, "fields": {"date": "2021-05-04", "read_num": 3, "content_type": 8, "object_id": 37}}, {"model": "read_statistics.readdetail", "pk": 5, "fields": {"date": "2021-05-04", "read_num": 2, "content_type": 8, "object_id": 38}}, {"model": "read_statistics.readdetail", "pk": 8, "fields": {"date": "2021-05-05", "read_num": 1, "content_type": 8, "object_id": 3}}, {"model": "read_statistics.readdetail", "pk": 10, "fields": {"date": "2021-05-05", "read_num": 1, "content_type": 8, "object_id": 37}}, {"model": "read_statistics.readdetail", "pk": 12, "fields": {"date": "2021-05-06", "read_num": 1, "content_type": 8, "object_id": 38}}, {"model": "read_statistics.readdetail", "pk": 13, "fields": {"date": "2021-05-10", "read_num": 1, "content_type": 8, "object_id": 38}}, {"model": "read_statistics.readdetail", "pk": 15, "fields": {"date": "2021-05-10", "read_num": 1, "content_type": 8, "object_id": 37}}, {"model": "read_statistics.readdetail", "pk": 17, "fields": {"date": "2021-05-11", "read_num": 1, "content_type": 8, "object_id": 38}}, {"model": "auth.permission", "pk": 1, "fields": {"name": "Can add log entry", "content_type": 1, "codename": "add_logentry"}}, {"model": "auth.permission", "pk": 2, "fields": {"name": "Can change log entry", "content_type": 1, "codename": "change_logentry"}}, {"model": "auth.permission", "pk": 3, "fields": {"name": "Can delete log entry", "content_type": 1, "codename": "delete_logentry"}}, {"model": "auth.permission", "pk": 4, "fields": {"name": "Can view log entry", "content_type": 1, "codename": "view_logentry"}}, {"model": "auth.permission", "pk": 5, "fields": {"name": "Can add permission", "content_type": 2, "codename": "add_permission"}}, {"model": "auth.permission", "pk": 6, "fields": {"name": "Can change permission", "content_type": 2, "codename": "change_permission"}}, {"model": "auth.permission", "pk": 7, "fields": {"name": "Can delete permission", "content_type": 2, "codename": "delete_permission"}}, {"model": "auth.permission", "pk": 8, "fields": {"name": "Can view permission", "content_type": 2, "codename": "view_permission"}}, {"model": "auth.permission", "pk": 9, "fields": {"name": "Can add group", "content_type": 3, "codename": "add_group"}}, {"model": "auth.permission", "pk": 10, "fields": {"name": "Can change group", "content_type": 3, "codename": "change_group"}}, {"model": "auth.permission", "pk": 11, "fields": {"name": "Can delete group", "content_type": 3, "codename": "delete_group"}}, {"model": "auth.permission", "pk": 12, "fields": {"name": "Can view group", "content_type": 3, "codename": "view_group"}}, {"model": "auth.permission", "pk": 13, "fields": {"name": "Can add user", "content_type": 4, "codename": "add_user"}}, {"model": "auth.permission", "pk": 14, "fields": {"name": "Can change user", "content_type": 4, "codename": "change_user"}}, {"model": "auth.permission", "pk": 15, "fields": {"name": "Can delete user", "content_type": 4, "codename": "delete_user"}}, {"model": "auth.permission", "pk": 16, "fields": {"name": "Can view user", "content_type": 4, "codename": "view_user"}}, {"model": "auth.permission", "pk": 17, "fields": {"name": "Can add content type", "content_type": 5, "codename": "add_contenttype"}}, {"model": "auth.permission", "pk": 18, "fields": {"name": "Can change content type", "content_type": 5, "codename": "change_contenttype"}}, {"model": "auth.permission", "pk": 19, "fields": {"name": "Can delete content type", "content_type": 5, "codename": "delete_contenttype"}}, {"model": "auth.permission", "pk": 20, "fields": {"name": "Can view content type", "content_type": 5, "codename": "view_contenttype"}}, {"model": "auth.permission", "pk": 21, "fields": {"name": "Can add session", "content_type": 6, "codename": "add_session"}}, {"model": "auth.permission", "pk": 22, "fields": {"name": "Can change session", "content_type": 6, "codename": "change_session"}}, {"model": "auth.permission", "pk": 23, "fields": {"name": "Can delete session", "content_type": 6, "codename": "delete_session"}}, {"model": "auth.permission", "pk": 24, "fields": {"name": "Can view session", "content_type": 6, "codename": "view_session"}}, {"model": "auth.permission", "pk": 25, "fields": {"name": "Can add blog type", "content_type": 7, "codename": "add_blogtype"}}, {"model": "auth.permission", "pk": 26, "fields": {"name": "Can change blog type", "content_type": 7, "codename": "change_blogtype"}}, {"model": "auth.permission", "pk": 27, "fields": {"name": "Can delete blog type", "content_type": 7, "codename": "delete_blogtype"}}, {"model": "auth.permission", "pk": 28, "fields": {"name": "Can view blog type", "content_type": 7, "codename": "view_blogtype"}}, {"model": "auth.permission", "pk": 29, "fields": {"name": "Can add blog", "content_type": 8, "codename": "add_blog"}}, {"model": "auth.permission", "pk": 30, "fields": {"name": "Can change blog", "content_type": 8, "codename": "change_blog"}}, {"model": "auth.permission", "pk": 31, "fields": {"name": "Can delete blog", "content_type": 8, "codename": "delete_blog"}}, {"model": "auth.permission", "pk": 32, "fields": {"name": "Can view blog", "content_type": 8, "codename": "view_blog"}}, {"model": "auth.permission", "pk": 33, "fields": {"name": "Can add read num", "content_type": 9, "codename": "add_readnum"}}, {"model": "auth.permission", "pk": 34, "fields": {"name": "Can change read num", "content_type": 9, "codename": "change_readnum"}}, {"model": "auth.permission", "pk": 35, "fields": {"name": "Can delete read num", "content_type": 9, "codename": "delete_readnum"}}, {"model": "auth.permission", "pk": 36, "fields": {"name": "Can view read num", "content_type": 9, "codename": "view_readnum"}}, {"model": "auth.permission", "pk": 37, "fields": {"name": "Can add read num", "content_type": 10, "codename": "add_readnum"}}, {"model": "auth.permission", "pk": 38, "fields": {"name": "Can change read num", "content_type": 10, "codename": "change_readnum"}}, {"model": "auth.permission", "pk": 39, "fields": {"name": "Can delete read num", "content_type": 10, "codename": "delete_readnum"}}, {"model": "auth.permission", "pk": 40, "fields": {"name": "Can view read num", "content_type": 10, "codename": "view_readnum"}}, {"model": "auth.permission", "pk": 41, "fields": {"name": "Can add read detail", "content_type": 11, "codename": "add_readdetail"}}, {"model": "auth.permission", "pk": 42, "fields": {"name": "Can change read detail", "content_type": 11, "codename": "change_readdetail"}}, {"model": "auth.permission", "pk": 43, "fields": {"name": "Can delete read detail", "content_type": 11, "codename": "delete_readdetail"}}, {"model": "auth.permission", "pk": 44, "fields": {"name": "Can view read detail", "content_type": 11, "codename": "view_readdetail"}}, {"model": "auth.permission", "pk": 45, "fields": {"name": "Can add comment", "content_type": 12, "codename": "add_comment"}}, {"model": "auth.permission", "pk": 46, "fields": {"name": "Can change comment", "content_type": 12, "codename": "change_comment"}}, {"model": "auth.permission", "pk": 47, "fields": {"name": "Can delete comment", "content_type": 12, "codename": "delete_comment"}}, {"model": "auth.permission", "pk": 48, "fields": {"name": "Can view comment", "content_type": 12, "codename": "view_comment"}}, {"model": "auth.permission", "pk": 49, "fields": {"name": "Can add profile", "content_type": 13, "codename": "add_profile"}}, {"model": "auth.permission", "pk": 50, "fields": {"name": "Can change profile", "content_type": 13, "codename": "change_profile"}}, {"model": "auth.permission", "pk": 51, "fields": {"name": "Can delete profile", "content_type": 13, "codename": "delete_profile"}}, {"model": "auth.permission", "pk": 52, "fields": {"name": "Can view profile", "content_type": 13, "codename": "view_profile"}}, {"model": "auth.user", "pk": 1, "fields": {"password": "pbkdf2_sha256$150000$p8AIUjHYtQEU$mJ9W3VVGxyIO2yTikVaAMcyqlutQL/+NCMhvMhgqLlY=", "last_login": "2021-05-13T16:12:29.242", "is_superuser": true, "username": "ccq", "first_name": "", "last_name": "", "email": "413806370@qq.com", "is_staff": true, "is_active": true, "date_joined": "2021-04-27T03:52:00", "groups": [], "user_permissions": []}}, {"model": "auth.user", "pk": 4, "fields": {"password": "pbkdf2_sha256$150000$ABgErhwivaeb$sys9bsThtolCs8qFCCcOamc/MjJUVDDdMz8zjbrAyHQ=", "last_login": "2021-05-13T16:02:21.839", "is_superuser": false, "username": "yyr", "first_name": "", "last_name": "", "email": "", "is_staff": false, "is_active": true, "date_joined": "2021-05-13T16:01:55.025", "groups": [], "user_permissions": []}}, {"model": "blog.blog", "pk": 3, "fields": {"title": "\u957f\u5185\u5bb9\u7684\u535a\u5ba2", "blog_type": 2, "content": "1. python\u865a\u62df\u73af\u5883\r\npython\u4e3a\u5f00\u53d1\u8005\u63d0\u4f9b\u5efa\u7acb\u72ec\u7acb\u4e8e\u4e3b\u7cfb\u7edf\u7ea7\u522b\u7684\u865a\u62dfpython\u73af\u5883\u7684\u529f\u80fd\uff0c\u4f7f\u5f00\u53d1\u8005\u53ef\u4ee5\u6839\u636e\u9879\u76ee\u9700\u6c42\u5efa\u7acb\u4e13\u5c5e\u4e8e\u8be5\u9879\u76ee\u7684python\u865a\u62df\u73af\u5883\u3002\r\n\r\n\u4e0d\u540c\u7684\u9879\u76ee\u6839\u636e\u9700\u6c42\u53ef\u80fd\u9700\u8981\u4e0d\u540c\u7684python\u8f6f\u4ef6\u5305\uff0c\u6216\u4e0d\u540c\u9879\u76ee\u5bf9\u540c\u4e00\u4e2a\u5305\u7684\u4f9d\u8d56\u7248\u672c\u4e0d\u4e00\u6837\u3002\u4e3a\u907f\u514d\u9879\u76ee\u4e4b\u95f4\u53d1\u751f\u51b2\u7a81\uff0c\u6216\u5b89\u88c5\u8fc7\u591a\u8f6f\u4ef6\u5305\u9020\u6210\u4e3b\u7cfb\u7edf\u914d\u7f6e\u7684\u6c61\u67d3\uff0c\u5f00\u53d1\u8005\u53ef\u4e3a\u4e0d\u540c\u9879\u76ee\u5efa\u7acb\u5404\u81ea\u4e13\u5c5e\u72ec\u7acb\u7684\u865a\u62df\u73af\u5883\uff0c\u4ece\u800c\u907f\u514d\u4ee5\u4e0a\u95ee\u9898\u3002\r\n\r\n2. \u5b89\u88c5virtualenv\r\n\uff081\uff09\u9996\u5148\u5b89\u88c5virtualenv\uff0c\u7528\u4e8e\u642d\u5efa\u865a\u62dfpython\u73af\u5883\uff0c\u4f5c\u7528\u662f\u628a\u7cfb\u7edf\u7684python\u590d\u5236\u4e00\u4efd\u5230\u865a\u62df\u7684python\u73af\u5883\u4e2d\uff0c\u5728\u8fdb\u5165\u5230\u8be5\u865a\u62df\u73af\u5883\u65f6\uff0cvirtualenv\u4f1a\u4fee\u6539\u76f8\u5173\u73af\u5883\u53d8\u91cf\uff0c\u8ba9\u547d\u4ee4python\u548cpip\u5747\u6307\u5411\u5f53\u524d\u7684\u865a\u62df\u73af\u5883\u3002", "author": 1, "created_time": "2021-04-27T08:37:55.882", "last_updated_time": "2021-04-27T08:37:55.882"}}, {"model": "blog.blog", "pk": 4, "fields": {"title": "\u7b2c\u4e00\u7bc7\u535a\u5ba2", "blog_type": 1, "content": "123csadas32", "author": 1, "created_time": "2021-04-27T09:16:40.296", "last_updated_time": "2021-04-27T09:16:40.296"}}, {"model": "blog.blog", "pk": 5, "fields": {"title": "\u7b2c\u4e8c\u7bc7\u535a\u5ba2", "blog_type": 3, "content": "213123213", "author": 1, "created_time": "2021-04-27T09:16:51.748", "last_updated_time": "2021-04-27T09:16:51.748"}}, {"model": "blog.blog", "pk": 6, "fields": {"title": "\u7b2c\u4e00\u7bc7\u535a\u5ba2", "blog_type": 2, "content": "\u4eca\u5929\u662f4.27\u53f7\uff0c\u6cfd\u6c11\u548c\u957f\u78ca\u8bf4\u80e1\u8001\u5e08\u7684\u4f5c\u4e1a\u597d\u591a\u505a\u4e0d\u5b8c\u4e86\uff01", "author": 1, "created_time": "2021-04-27T09:40:01.749", "last_updated_time": "2021-04-27T09:40:01.749"}}, {"model": "blog.blog", "pk": 7, "fields": {"title": "shell\u4e0b\u7b2c\u4e00\u7bc7", "blog_type": 1, "content": "xxxxxxx", "author": 1, "created_time": "2021-04-29T12:21:31.363", "last_updated_time": "2021-04-29T12:21:31.363"}}, {"model": "blog.blog", "pk": 37, "fields": {"title": "for 30", "blog_type": 1, "content": "xxxx:30", "author": 1, "created_time": "2021-04-29T12:32:48.387", "last_updated_time": "2021-04-29T12:32:48.387"}}, {"model": "blog.blog", "pk": 38, "fields": {"title": "5\u6708\u7684\u7b2c\u4e00\u7bc7\u535a\u5ba2", "blog_type": 3, "content": "<p><strong>\u670b\u53cb\u5708\u597d\u591a\u4eba\u51fa\u53bb\u73a9\u554a</strong></p>\r\n\r\n<p><strong><img alt=\"\" src=\"/media/upload/2021/05/03/11617274305_pic_hd.jpg\" style=\"height:810px; width:540px\" /></strong></p>", "author": 1, "created_time": "2021-05-03T08:38:20.261", "last_updated_time": "2021-05-04T02:20:00.240"}}, {"model": "comment.comment", "pk": 1, "fields": {"content_type": 8, "object_id": 37, "text": "123", "comment_time": "2021-05-05T11:49:14.896", "user": 1, "root": null, "parent": null, "reply_to": null}}, {"model": "comment.comment", "pk": 2, "fields": {"content_type": 8, "object_id": 37, "text": "333", "comment_time": "2021-05-05T12:04:30.064", "user": 1, "root": null, "parent": null, "reply_to": null}}, {"model": "comment.comment", "pk": 3, "fields": {"content_type": 8, "object_id": 37, "text": "123", "comment_time": "2021-05-05T12:21:14.312", "user": 1, "root": null, "parent": null, "reply_to": null}}, {"model": "comment.comment", "pk": 4, "fields": {"content_type": 8, "object_id": 37, "text": "qqiqigu", "comment_time": "2021-05-05T12:21:30.204", "user": 1, "root": null, "parent": null, "reply_to": null}}, {"model": "comment.comment", "pk": 5, "fields": {"content_type": 8, "object_id": 37, "text": "\u4eca\u5929\u662f5.5\u65e5\uff0c\u52b3\u52a8\u8282\u5047\u65e5\u6700\u540e\u4e00\u5929", "comment_time": "2021-05-05T12:28:50.200", "user": 1, "root": null, "parent": null, "reply_to": null}}, {"model": "comment.comment", "pk": 6, "fields": {"content_type": 8, "object_id": 38, "text": "\u5934\u50cf\u672c\u4eba", "comment_time": "2021-05-06T06:46:46.029", "user": 1, "root": null, "parent": null, "reply_to": null}}, {"model": "comment.comment", "pk": 7, "fields": {"content_type": 8, "object_id": 38, "text": "233", "comment_time": "2021-05-06T10:12:56.922", "user": 1, "root": null, "parent": null, "reply_to": null}}, {"model": "comment.comment", "pk": 8, "fields": {"content_type": 8, "object_id": 33, "text": "aaaa", "comment_time": "2021-05-06T11:11:39.425", "user": 1, "root": null, "parent": null, "reply_to": null}}, {"model": "comment.comment", "pk": 9, "fields": {"content_type": 8, "object_id": 33, "text": "\u91cd\u5e86\u5c0f\u9762\u597d\u50cf\u8fd8\u53ef\u4ee5", "comment_time": "2021-05-06T11:13:07.036", "user": 1, "root": null, "parent": null, "reply_to": null}}, {"model": "comment.comment", "pk": 10, "fields": {"content_type": 8, "object_id": 33, "text": "<p>wwww</p>", "comment_time": "2021-05-06T11:31:44.675", "user": 1, "root": null, "parent": null, "reply_to": null}}, {"model": "comment.comment", "pk": 11, "fields": {"content_type": 8, "object_id": 33, "text": "<p>123</p>", "comment_time": "2021-05-06T11:54:52.316", "user": 1, "root": null, "parent": null, "reply_to": null}}, {"model": "comment.comment", "pk": 12, "fields": {"content_type": 8, "object_id": 33, "text": "<p>1222</p>", "comment_time": "2021-05-06T12:00:28.953", "user": 1, "root": null, "parent": null, "reply_to": null}}, {"model": "comment.comment", "pk": 13, "fields": {"content_type": 8, "object_id": 33, "text": "<p>1111</p>", "comment_time": "2021-05-06T12:07:43.453", "user": 1, "root": null, "parent": null, "reply_to": null}}, {"model": "comment.comment", "pk": 14, "fields": {"content_type": 8, "object_id": 33, "text": "<p>\u6211\u5728\u9a6c\u8def\u8fb9</p>", "comment_time": "2021-05-06T12:17:23.683", "user": 1, "root": null, "parent": null, "reply_to": null}}, {"model": "comment.comment", "pk": 15, "fields": {"content_type": 8, "object_id": 33, "text": "<p>aaaaa</p>", "comment_time": "2021-05-06T12:20:44.297", "user": 1, "root": null, "parent": null, "reply_to": null}}, {"model": "comment.comment", "pk": 16, "fields": {"content_type": 8, "object_id": 33, "text": "<p>zzzz</p>", "comment_time": "2021-05-06T12:22:58.953", "user": 1, "root": null, "parent": null, "reply_to": null}}, {"model": "comment.comment", "pk": 17, "fields": {"content_type": 8, "object_id": 37, "text": "<p>aaaa</p>", "comment_time": "2021-05-06T12:31:02.675", "user": 1, "root": null, "parent": null, "reply_to": null}}, {"model": "comment.comment", "pk": 18, "fields": {"content_type": 8, "object_id": 33, "text": "<p>zzzzz</p>", "comment_time": "2021-05-06T12:37:10.418", "user": 1, "root": null, "parent": null, "reply_to": null}}, {"model": "comment.comment", "pk": 19, "fields": {"content_type": 8, "object_id": 37, "text": "<p><img alt=\"blush\" height=\"23\" src=\"http://localhost:8000/static/ckeditor/ckeditor/plugins/smiley/images/embarrassed_smile.png\" title=\"blush\" width=\"23\" /></p>", "comment_time": "2021-05-06T12:46:17.674", "user": 1, "root": null, "parent": null, "reply_to": null}}, {"model": "comment.comment", "pk": 20, "fields": {"content_type": 8, "object_id": 37, "text": "<p>zzzz</p>", "comment_time": "2021-05-06T12:47:12.797", "user": 1, "root": null, "parent": null, "reply_to": null}}, {"model": "comment.comment", "pk": 21, "fields": {"content_type": 8, "object_id": 37, "text": "<p>zzzz</p>", "comment_time": "2021-05-06T20:48:09.967", "user": 1, "root": null, "parent": null, "reply_to": null}}, {"model": "comment.comment", "pk": 22, "fields": {"content_type": 8, "object_id": 37, "text": "<p><img alt=\"blush\" height=\"23\" src=\"http://localhost:8000/static/ckeditor/ckeditor/plugins/smiley/images/embarrassed_smile.png\" title=\"blush\" width=\"23\" /></p>", "comment_time": "2021-05-06T20:48:18.545", "user": 1, "root": null, "parent": null, "reply_to": null}}, {"model": "comment.comment", "pk": 23, "fields": {"content_type": 8, "object_id": 38, "text": "<p>1123</p>", "comment_time": "2021-05-06T20:55:59.201", "user": 1, "root": null, "parent": null, "reply_to": null}}, {"model": "comment.comment", "pk": 24, "fields": {"content_type": 8, "object_id": 36, "text": "<p>zzz</p>", "comment_time": "2021-05-06T20:59:33.765", "user": 1, "root": null, "parent": null, "reply_to": null}}, {"model": "comment.comment", "pk": 25, "fields": {"content_type": 8, "object_id": 38, "text": "\u786e\u5b9e", "comment_time": "2021-05-10T15:06:24.108", "user": 1, "root": 6, "parent": 6, "reply_to": 1}}, {"model": "comment.comment", "pk": 28, "fields": {"content_type": 8, "object_id": 37, "text": "<p>111111</p>", "comment_time": "2021-05-10T16:09:38.923", "user": 1, "root": null, "parent": null, "reply_to": null}}, {"model": "comment.comment", "pk": 29, "fields": {"content_type": 8, "object_id": 37, "text": "<p>what&#39;s so funny</p>", "comment_time": "2021-05-10T16:12:41.063", "user": 1, "root": 22, "parent": 22, "reply_to": 1}}, {"model": "comment.comment", "pk": 30, "fields": {"content_type": 8, "object_id": 34, "text": "<p>for 27 comment</p>", "comment_time": "2021-05-11T00:10:14.789", "user": 1, "root": null, "parent": null, "reply_to": null}}, {"model": "comment.comment", "pk": 31, "fields": {"content_type": 8, "object_id": 37, "text": "<p>\u8bc4\u8bba</p>", "comment_time": "2021-05-11T00:20:44.056", "user": 1, "root": null, "parent": null, "reply_to": null}}, {"model": "comment.comment", "pk": 32, "fields": {"content_type": 8, "object_id": 37, "text": "<p>\u8bc4\u8bba+1</p>", "comment_time": "2021-05-11T00:20:58.763", "user": 1, "root": 31, "parent": 31, "reply_to": 1}}, {"model": "comment.comment", "pk": 33, "fields": {"content_type": 8, "object_id": 37, "text": "<p>1111</p>", "comment_time": "2021-05-11T00:25:02.145", "user": 1, "root": null, "parent": null, "reply_to": null}}, {"model": "comment.comment", "pk": 34, "fields": {"content_type": 8, "object_id": 3, "text": "<p>\u4eca\u65e5\u4efd\u5976\u8336\u7684\u5feb\u4e50</p>\r\n\r\n<p>7\u5206\u751c&nbsp; \u6768\u679d\u7518\u9732</p>", "comment_time": "2021-05-13T17:17:31.921", "user": 1, "root": null, "parent": null, "reply_to": null}}, {"model": "user.profile", "pk": 1, "fields": {"user": 1, "nickname": "\u5947\u5947\u54e5", "lotteryCount": 99}}, {"model": "user.profile", "pk": 2, "fields": {"user": 4, "nickname": "\u59da\u61ff\u5bb9", "lotteryCount": 0}}, {"model": "admin.logentry", "pk": 1, "fields": {"action_time": "2021-04-27T04:04:52.139", "user": 1, "content_type": 7, "object_id": "1", "object_repr": "BlogType object (1)", "action_flag": 1, "change_message": "[{\"added\": {}}]"}}, {"model": "admin.logentry", "pk": 2, "fields": {"action_time": "2021-04-27T04:05:00.196", "user": 1, "content_type": 7, "object_id": "2", "object_repr": "BlogType object (2)", "action_flag": 1, "change_message": "[{\"added\": {}}]"}}, {"model": "admin.logentry", "pk": 3, "fields": {"action_time": "2021-04-27T04:05:03.693", "user": 1, "content_type": 7, "object_id": "3", "object_repr": "BlogType object (3)", "action_flag": 1, "change_message": "[{\"added\": {}}]"}}, {"model": "admin.logentry", "pk": 4, "fields": {"action_time": "2021-04-27T04:09:39.256", "user": 1, "content_type": 8, "object_id": "1", "object_repr": "<Blog: \u7b2c\u4e00\u7bc7\u535a\u5ba2>", "action_flag": 1, "change_message": "[{\"added\": {}}]"}}, {"model": "admin.logentry", "pk": 5, "fields": {"action_time": "2021-04-27T08:31:06.838", "user": 1, "content_type": 8, "object_id": "2", "object_repr": "<Blog: \u7b2c\u4e8c\u7bc7\u535a\u5ba2>", "action_flag": 1, "change_message": "[{\"added\": {}}]"}}, {"model": "admin.logentry", "pk": 6, "fields": {"action_time": "2021-04-27T08:37:06.466", "user": 1, "content_type": 8, "object_id": "2", "object_repr": "<Blog: \u7b2c\u4e8c\u7bc7\u535a\u5ba2>", "action_flag": 3, "change_message": ""}}, {"model": "admin.logentry", "pk": 7, "fields": {"action_time": "2021-04-27T08:37:06.471", "user": 1, "content_type": 8, "object_id": "1", "object_repr": "<Blog: \u7b2c\u4e00\u7bc7\u535a\u5ba2>", "action_flag": 3, "change_message": ""}}, {"model": "admin.logentry", "pk": 8, "fields": {"action_time": "2021-04-27T08:37:55.883", "user": 1, "content_type": 8, "object_id": "3", "object_repr": "<Blog: \u957f\u5185\u5bb9\u7684\u535a\u5ba2>", "action_flag": 1, "change_message": "[{\"added\": {}}]"}}, {"model": "admin.logentry", "pk": 9, "fields": {"action_time": "2021-04-27T09:16:40.300", "user": 1, "content_type": 8, "object_id": "4", "object_repr": "<Blog: \u7b2c\u4e00\u7bc7\u535a\u5ba2>", "action_flag": 1, "change_message": "[{\"added\": {}}]"}}, {"model": "admin.logentry", "pk": 10, "fields": {"action_time": "2021-04-27T09:16:51.749", "user": 1, "content_type": 8, "object_id": "5", "object_repr": "<Blog: \u7b2c\u4e8c\u7bc7\u535a\u5ba2>", "action_flag": 1, "change_message": "[{\"added\": {}}]"}}, {"model": "admin.logentry", "pk": 11, "fields": {"action_time": "2021-04-27T09:40:01.750", "user": 1, "content_type": 8, "object_id": "6", "object_repr": "<Blog: \u7b2c\u4e00\u7bc7\u535a\u5ba2>", "action_flag": 1, "change_message": "[{\"added\": {}}]"}}, {"model": "admin.logentry", "pk": 12, "fields": {"action_time": "2021-05-03T08:38:20.263", "user": 1, "content_type": 8, "object_id": "38", "object_repr": "<Blog: 5\u6708\u7684\u7b2c\u4e00\u7bc7\u535a\u5ba2>", "action_flag": 1, "change_message": "[{\"added\": {}}]"}}, {"model": "admin.logentry", "pk": 13, "fields": {"action_time": "2021-05-03T14:23:33.758", "user": 1, "content_type": 8, "object_id": "38", "object_repr": "<Blog: 5\u6708\u7684\u7b2c\u4e00\u7bc7\u535a\u5ba2>", "action_flag": 2, "change_message": "[{\"changed\": {\"fields\": [\"content\"]}}]"}}, {"model": "admin.logentry", "pk": 14, "fields": {"action_time": "2021-05-03T14:35:06.532", "user": 1, "content_type": 8, "object_id": "36", "object_repr": "<Blog: for 29>", "action_flag": 2, "change_message": "[{\"changed\": {\"fields\": [\"content\"]}}]"}}, {"model": "admin.logentry", "pk": 15, "fields": {"action_time": "2021-05-03T15:03:25.075", "user": 1, "content_type": 8, "object_id": "38", "object_repr": "<Blog: 5\u6708\u7684\u7b2c\u4e00\u7bc7\u535a\u5ba2>", "action_flag": 2, "change_message": "[{\"changed\": {\"fields\": [\"content\"]}}]"}}, {"model": "admin.logentry", "pk": 16, "fields": {"action_time": "2021-05-04T02:18:28.656", "user": 1, "content_type": 9, "object_id": "1", "object_repr": "ReadNum object (1)", "action_flag": 1, "change_message": "[{\"added\": {}}]"}}, {"model": "admin.logentry", "pk": 17, "fields": {"action_time": "2021-05-04T02:20:00.244", "user": 1, "content_type": 8, "object_id": "38", "object_repr": "<Blog: 5\u6708\u7684\u7b2c\u4e00\u7bc7\u535a\u5ba2>", "action_flag": 2, "change_message": "[]"}}, {"model": "admin.logentry", "pk": 18, "fields": {"action_time": "2021-05-04T02:37:07.990", "user": 1, "content_type": 9, "object_id": "2", "object_repr": "ReadNum object (2)", "action_flag": 1, "change_message": "[{\"added\": {}}]"}}, {"model": "admin.logentry", "pk": 19, "fields": {"action_time": "2021-05-04T03:39:51.815", "user": 1, "content_type": 10, "object_id": "1", "object_repr": "ReadNum object (1)", "action_flag": 1, "change_message": "[{\"added\": {}}]"}}, {"model": "admin.logentry", "pk": 20, "fields": {"action_time": "2021-05-04T05:33:01.757", "user": 1, "content_type": 11, "object_id": "1", "object_repr": "ReadDetail object (1)", "action_flag": 1, "change_message": "[{\"added\": {}}]"}}, {"model": "admin.logentry", "pk": 21, "fields": {"action_time": "2021-05-10T15:06:24.110", "user": 1, "content_type": 12, "object_id": "25", "object_repr": "Comment object (25)", "action_flag": 1, "change_message": "[{\"added\": {}}]"}}, {"model": "admin.logentry", "pk": 22, "fields": {"action_time": "2021-05-10T15:06:46.465", "user": 1, "content_type": 12, "object_id": "25", "object_repr": "Comment object (25)", "action_flag": 2, "change_message": "[{\"changed\": {\"fields\": [\"parent_id\"]}}]"}}, {"model": "admin.logentry", "pk": 23, "fields": {"action_time": "2021-05-10T15:21:19.366", "user": 1, "content_type": 12, "object_id": "25", "object_repr": "cccccss", "action_flag": 2, "change_message": "[{\"changed\": {\"fields\": [\"root\", \"parent\", \"reply_to\"]}}]"}}, {"model": "admin.logentry", "pk": 24, "fields": {"action_time": "2021-05-10T15:27:23.104", "user": 1, "content_type": 12, "object_id": "25", "object_repr": "\u786e\u5b9e", "action_flag": 2, "change_message": "[{\"changed\": {\"fields\": [\"text\"]}}]"}}, {"model": "admin.logentry", "pk": 25, "fields": {"action_time": "2021-05-10T16:13:36.614", "user": 1, "content_type": 12, "object_id": "27", "object_repr": "<p>zzzzzz</p>", "action_flag": 3, "change_message": ""}}, {"model": "admin.logentry", "pk": 26, "fields": {"action_time": "2021-05-10T16:13:36.627", "user": 1, "content_type": 12, "object_id": "26", "object_repr": "<p>whats so funny</p>", "action_flag": 3, "change_message": ""}}, {"model": "admin.logentry", "pk": 27, "fields": {"action_time": "2021-05-10T17:11:55.941", "user": 1, "content_type": 12, "object_id": "30", "object_repr": "<p>because it is funny</p>", "action_flag": 3, "change_message": ""}}, {"model": "admin.logentry", "pk": 28, "fields": {"action_time": "2021-05-10T17:12:36.887", "user": 1, "content_type": 12, "object_id": "31", "object_repr": "<p>22222</p>", "action_flag": 3, "change_message": ""}}, {"model": "admin.logentry", "pk": 29, "fields": {"action_time": "2021-05-10T17:16:28.370", "user": 1, "content_type": 12, "object_id": "31", "object_repr": "<p>22222</p>", "action_flag": 3, "change_message": ""}}, {"model": "admin.logentry", "pk": 30, "fields": {"action_time": "2021-05-11T20:12:24.064", "user": 1, "content_type": 13, "object_id": "1", "object_repr": "<Profile: \u5947\u5947\u54e5 for ccq>", "action_flag": 1, "change_message": "[{\"added\": {}}]"}}, {"model": "admin.logentry", "pk": 31, "fields": {"action_time": "2021-05-11T20:42:02.920", "user": 1, "content_type": 13, "object_id": "1", "object_repr": "<Profile: \u5947\u5947\u54e5,1 for ccq>", "action_flag": 2, "change_message": "[{\"changed\": {\"fields\": [\"lotteryCount\"]}}]"}}, {"model": "admin.logentry", "pk": 32, "fields": {"action_time": "2021-05-12T22:00:18.058", "user": 1, "content_type": 4, "object_id": "1", "object_repr": "ccq", "action_flag": 2, "change_message": "[{\"changed\": {\"fields\": [\"email\", \"last_login\"]}}]"}}, {"model": "admin.logentry", "pk": 33, "fields": {"action_time": "2021-05-13T10:45:00.958", "user": 1, "content_type": 4, "object_id": "1", "object_repr": "ccq", "action_flag": 2, "change_message": "[{\"changed\": {\"name\": \"profile\", \"object\": \"<Profile: \\u5947\\u5947\\u54e5 99 for ccq>\", \"fields\": [\"lotteryCount\"]}}]"}}, {"model": "admin.logentry", "pk": 34, "fields": {"action_time": "2021-05-13T16:00:45.306", "user": 1, "content_type": 4, "object_id": "2", "object_repr": "admin", "action_flag": 3, "change_message": ""}}, {"model": "admin.logentry", "pk": 35, "fields": {"action_time": "2021-05-13T16:00:45.323", "user": 1, "content_type": 4, "object_id": "3", "object_repr": "ccq3", "action_flag": 3, "change_message": ""}}, {"model": "admin.logentry", "pk": 36, "fields": {"action_time": "2021-05-13T16:01:55.140", "user": 1, "content_type": 4, "object_id": "4", "object_repr": "yyr", "action_flag": 1, "change_message": "[{\"added\": {}}, {\"added\": {\"name\": \"profile\", \"object\": \"<Profile: \\u59da\\u61ff\\u5bb9 0 for yyr>\"}}]"}}, {"model": "admin.logentry", "pk": 37, "fields": {"action_time": "2021-05-13T17:18:45.571", "user": 1, "content_type": 8, "object_id": "36", "object_repr": "<Blog: for 29>", "action_flag": 3, "change_message": ""}}, {"model": "admin.logentry", "pk": 38, "fields": {"action_time": "2021-05-13T17:18:45.579", "user": 1, "content_type": 8, "object_id": "35", "object_repr": "<Blog: for 28>", "action_flag": 3, "change_message": ""}}, {"model": "admin.logentry", "pk": 39, "fields": {"action_time": "2021-05-13T17:18:45.581", "user": 1, "content_type": 8, "object_id": "34", "object_repr": "<Blog: for 27>", "action_flag": 3, "change_message": ""}}, {"model": "admin.logentry", "pk": 40, "fields": {"action_time": "2021-05-13T17:18:45.583", "user": 1, "content_type": 8, "object_id": "33", "object_repr": "<Blog: for 26>", "action_flag": 3, "change_message": ""}}, {"model": "admin.logentry", "pk": 41, "fields": {"action_time": "2021-05-13T17:18:45.584", "user": 1, "content_type": 8, "object_id": "32", "object_repr": "<Blog: for 25>", "action_flag": 3, "change_message": ""}}, {"model": "admin.logentry", "pk": 42, "fields": {"action_time": "2021-05-13T17:18:45.585", "user": 1, "content_type": 8, "object_id": "31", "object_repr": "<Blog: for 24>", "action_flag": 3, "change_message": ""}}, {"model": "admin.logentry", "pk": 43, "fields": {"action_time": "2021-05-13T17:18:45.586", "user": 1, "content_type": 8, "object_id": "30", "object_repr": "<Blog: for 23>", "action_flag": 3, "change_message": ""}}, {"model": "admin.logentry", "pk": 44, "fields": {"action_time": "2021-05-13T17:18:45.588", "user": 1, "content_type": 8, "object_id": "29", "object_repr": "<Blog: for 22>", "action_flag": 3, "change_message": ""}}, {"model": "admin.logentry", "pk": 45, "fields": {"action_time": "2021-05-13T17:18:45.589", "user": 1, "content_type": 8, "object_id": "28", "object_repr": "<Blog: for 21>", "action_flag": 3, "change_message": ""}}, {"model": "admin.logentry", "pk": 46, "fields": {"action_time": "2021-05-13T17:18:45.590", "user": 1, "content_type": 8, "object_id": "27", "object_repr": "<Blog: for 20>", "action_flag": 3, "change_message": ""}}, {"model": "admin.logentry", "pk": 47, "fields": {"action_time": "2021-05-13T17:18:45.591", "user": 1, "content_type": 8, "object_id": "26", "object_repr": "<Blog: for 19>", "action_flag": 3, "change_message": ""}}, {"model": "admin.logentry", "pk": 48, "fields": {"action_time": "2021-05-13T17:18:45.592", "user": 1, "content_type": 8, "object_id": "25", "object_repr": "<Blog: for 18>", "action_flag": 3, "change_message": ""}}, {"model": "admin.logentry", "pk": 49, "fields": {"action_time": "2021-05-13T17:18:45.594", "user": 1, "content_type": 8, "object_id": "24", "object_repr": "<Blog: for 17>", "action_flag": 3, "change_message": ""}}, {"model": "admin.logentry", "pk": 50, "fields": {"action_time": "2021-05-13T17:18:45.595", "user": 1, "content_type": 8, "object_id": "23", "object_repr": "<Blog: for 16>", "action_flag": 3, "change_message": ""}}, {"model": "admin.logentry", "pk": 51, "fields": {"action_time": "2021-05-13T17:18:45.596", "user": 1, "content_type": 8, "object_id": "22", "object_repr": "<Blog: for 15>", "action_flag": 3, "change_message": ""}}, {"model": "admin.logentry", "pk": 52, "fields": {"action_time": "2021-05-13T17:18:45.598", "user": 1, "content_type": 8, "object_id": "21", "object_repr": "<Blog: for 14>", "action_flag": 3, "change_message": ""}}, {"model": "admin.logentry", "pk": 53, "fields": {"action_time": "2021-05-13T17:18:45.599", "user": 1, "content_type": 8, "object_id": "20", "object_repr": "<Blog: for 13>", "action_flag": 3, "change_message": ""}}, {"model": "admin.logentry", "pk": 54, "fields": {"action_time": "2021-05-13T17:18:45.600", "user": 1, "content_type": 8, "object_id": "19", "object_repr": "<Blog: for 12>", "action_flag": 3, "change_message": ""}}, {"model": "admin.logentry", "pk": 55, "fields": {"action_time": "2021-05-13T17:18:45.602", "user": 1, "content_type": 8, "object_id": "18", "object_repr": "<Blog: for 11>", "action_flag": 3, "change_message": ""}}, {"model": "admin.logentry", "pk": 56, "fields": {"action_time": "2021-05-13T17:18:45.603", "user": 1, "content_type": 8, "object_id": "17", "object_repr": "<Blog: for 10>", "action_flag": 3, "change_message": ""}}, {"model": "admin.logentry", "pk": 57, "fields": {"action_time": "2021-05-13T17:18:45.606", "user": 1, "content_type": 8, "object_id": "16", "object_repr": "<Blog: for 9>", "action_flag": 3, "change_message": ""}}, {"model": "admin.logentry", "pk": 58, "fields": {"action_time": "2021-05-13T17:18:45.607", "user": 1, "content_type": 8, "object_id": "15", "object_repr": "<Blog: for 8>", "action_flag": 3, "change_message": ""}}, {"model": "admin.logentry", "pk": 59, "fields": {"action_time": "2021-05-13T17:18:45.608", "user": 1, "content_type": 8, "object_id": "14", "object_repr": "<Blog: for 7>", "action_flag": 3, "change_message": ""}}, {"model": "admin.logentry", "pk": 60, "fields": {"action_time": "2021-05-13T17:18:45.610", "user": 1, "content_type": 8, "object_id": "13", "object_repr": "<Blog: for 6>", "action_flag": 3, "change_message": ""}}, {"model": "admin.logentry", "pk": 61, "fields": {"action_time": "2021-05-13T17:18:45.611", "user": 1, "content_type": 8, "object_id": "12", "object_repr": "<Blog: for 5>", "action_flag": 3, "change_message": ""}}, {"model": "admin.logentry", "pk": 62, "fields": {"action_time": "2021-05-13T17:18:45.612", "user": 1, "content_type": 8, "object_id": "11", "object_repr": "<Blog: for 4>", "action_flag": 3, "change_message": ""}}, {"model": "admin.logentry", "pk": 63, "fields": {"action_time": "2021-05-13T17:18:45.613", "user": 1, "content_type": 8, "object_id": "10", "object_repr": "<Blog: for 3>", "action_flag": 3, "change_message": ""}}, {"model": "admin.logentry", "pk": 64, "fields": {"action_time": "2021-05-13T17:18:45.614", "user": 1, "content_type": 8, "object_id": "9", "object_repr": "<Blog: for 2>", "action_flag": 3, "change_message": ""}}, {"model": "admin.logentry", "pk": 65, "fields": {"action_time": "2021-05-13T17:18:45.616", "user": 1, "content_type": 8, "object_id": "8", "object_repr": "<Blog: for 1>", "action_flag": 3, "change_message": ""}}]